user,status,follows,followers,articles,0_date,0_comments,0_likes,0_thumbnail,1_date,1_comments,1_likes,1_thumbnail,2_date,2_comments,2_likes,2_thumbnail,3_date,3_comments,3_likes,3_thumbnail,4_date,4_comments,4_likes,4_thumbnail,5_date,5_comments,5_likes,5_thumbnail,6_date,6_comments,6_likes,6_thumbnail,7_date,7_comments,7_likes,7_thumbnail,8_date,8_comments,8_likes,8_thumbnail,9_date,9_comments,9_likes,9_thumbnail,10_date,10_comments,10_likes,10_thumbnail,11_date,11_comments,11_likes,11_thumbnail
lustiges123,,326,13839,358,"2017-09-06 12:53:50",73,515,https://scontent-nrt1-1.cdninstagram.com/t51.2885-15/s640x640/sh0.08/e35/21371870_1206302022809574_5403165323333468160_n.jpg,"2017-09-05 19:37:08",378,3399,https://scontent-nrt1-1.cdninstagram.com/t51.2885-15/s640x640/sh0.08/e35/21372554_166777290540793_6368419000740741120_n.jpg,"2017-09-05 16:19:27",244,3581,https://scontent-nrt1-1.cdninstagram.com/t51.2885-15/e35/21371639_240971299761825_8354280156059140096_n.jpg,"2017-09-05 12:56:24",378,4223,https://scontent-nrt1-1.cdninstagram.com/t51.2885-15/s640x640/sh0.08/e35/21435332_1599233713451978_5127796462972829696_n.jpg,"2017-09-04 20:48:58",1025,4817,https://scontent-nrt1-1.cdninstagram.com/t51.2885-15/s640x640/sh0.08/e35/21373150_854934038000547_2238795150929166336_n.jpg,"2017-09-04 16:23:43",443,3747,https://scontent-nrt1-1.cdninstagram.com/t51.2885-15/s640x640/sh0.08/e35/21373314_1955404401350024_7005840659122749440_n.jpg,"2017-09-04 12:20:46",103,3203,https://scontent-nrt1-1.cdninstagram.com/t51.2885-15/s640x640/sh0.08/e35/21371958_132191687402518_1534341873533976576_n.jpg,"2017-09-03 20:21:11",326,3749,https://scontent-nrt1-1.cdninstagram.com/t51.2885-15/s640x640/sh0.08/e35/21294829_511983452471339_4785440969086468096_n.jpg,"2017-09-03 17:22:55",370,6468,https://scontent-nrt1-1.cdninstagram.com/t51.2885-15/s640x640/sh0.08/e35/21296250_1946895492195525_4301327094593355776_n.jpg,"2017-09-03 14:03:23",385,3810,https://scontent-nrt1-1.cdninstagram.com/t51.2885-15/s640x640/sh0.08/e35/21373364_1484260441659005_1301909036727271424_n.jpg,"2017-09-03 10:33:05",226,3802,https://scontent-nrt1-1.cdninstagram.com/t51.2885-15/s640x640/sh0.08/e35/21294652_1632964493441603_7606364936364621824_n.jpg,"2017-09-02 19:21:04",216,4057,https://scontent-nrt1-1.cdninstagram.com/t51.2885-15/s640x640/sh0.08/e35/21224914_1691137170917107_6454811091078742016_n.jpg
mixed.is.beauty,,51,9813,638,"2017-09-05 21:29:39",103,4655,https://scontent-nrt1-1.cdninstagram.com/t51.2885-15/e15/21372904_1954153608195942_6271464460540444672_n.jpg,"2017-09-05 20:42:33",2,144,https://scontent-nrt1-1.cdninstagram.com/t51.2885-15/e35/c0.50.480.480/21372056_710544069149338_2648931654017482752_n.jpg,"2017-09-05 19:51:31",5,253,https://scontent-nrt1-1.cdninstagram.com/t51.2885-15/s640x640/sh0.08/e35/21371782_1725965801042130_6137562163528597504_n.jpg,"2017-09-05 19:08:20",9,1216,https://scontent-nrt1-1.cdninstagram.com/t51.2885-15/s640x640/sh0.08/e35/c6.0.716.716/21373597_910782795736035_8556328126471208960_n.jpg,"2017-09-05 17:56:40",4,173,https://scontent-nrt1-1.cdninstagram.com/t51.2885-15/e35/c0.60.480.480/21436129_367458627020397_4071868733092528128_n.jpg,"2017-09-04 21:43:02",39,2499,https://scontent-nrt1-1.cdninstagram.com/t51.2885-15/s640x640/sh0.08/e35/c0.135.1080.1080/21296923_112332236130567_3636114420825849856_n.jpg,"2017-09-04 21:24:51",23,373,https://scontent-nrt1-1.cdninstagram.com/t51.2885-15/s640x640/sh0.08/e35/c0.59.768.768/21435794_100128987396454_6337265511293779968_n.jpg,"2017-09-04 21:12:07",5,416,https://scontent-nrt1-1.cdninstagram.com/t51.2885-15/e35/c0.60.480.480/21297003_1434598883260438_7159924998868566016_n.jpg,"2017-09-04 21:01:10",2,114,https://scontent-nrt1-1.cdninstagram.com/t51.2885-15/e35/c0.60.480.480/21372018_317857515346276_3666745384551579648_n.jpg,"2017-09-04 20:56:28",3,210,https://scontent-nrt1-1.cdninstagram.com/t51.2885-15/s640x640/sh0.08/e35/21296753_1525264350853342_9199020736222593024_n.jpg,"2017-09-04 20:30:31",3,606,https://scontent-nrt1-1.cdninstagram.com/t51.2885-15/s640x640/sh0.08/e35/21372095_129213041052619_2012397950059151360_n.jpg,"2017-09-04 19:26:24",1,578,https://scontent-nrt1-1.cdninstagram.com/t51.2885-15/s640x640/sh0.08/e35/21297042_1296185263823591_5061012238370865152_n.jpg
claryborja,,904,31708,311,"2017-09-06 00:16:04",41,2631,https://scontent-nrt1-1.cdninstagram.com/t51.2885-15/s640x640/sh0.08/e35/c196.0.687.687/21373269_1935297236718276_8433824900296212480_n.jpg,"2017-09-05 18:30:56",10,1308,https://scontent-nrt1-1.cdninstagram.com/t51.2885-15/s640x640/sh0.08/e35/c196.0.688.688/21435410_169591106932452_7852789681405034496_n.jpg,"2017-09-05 02:20:25",30,2895,https://scontent-nrt1-1.cdninstagram.com/t51.2885-15/s640x640/sh0.08/e35/c189.0.702.702/21296926_276594642856880_4279519935018827776_n.jpg,"2017-09-04 00:18:28",43,3695,https://scontent-nrt1-1.cdninstagram.com/t51.2885-15/s640x640/sh0.08/e35/c122.0.836.836/21373142_234681133726001_9026533969146937344_n.jpg,"2017-09-03 18:56:02",45,1025,https://scontent-nrt1-1.cdninstagram.com/t51.2885-15/e15/c236.0.607.607/21295033_1958473281066931_2069996463680651264_n.jpg,"2017-09-02 23:21:50",11,796,https://scontent-nrt1-1.cdninstagram.com/t51.2885-15/s640x640/sh0.08/e35/c135.0.810.810/21295152_147318115858794_4249619171567992832_n.jpg,"2017-09-02 20:09:47",63,1243,https://scontent-nrt1-1.cdninstagram.com/t51.2885-15/s640x640/sh0.08/e35/21149598_335650520227937_4481178669724729344_n.jpg,"2017-09-02 18:08:28",42,2417,https://scontent-nrt1-1.cdninstagram.com/t51.2885-15/s640x640/e15/21296523_542369122761289_8078658322124767232_n.jpg,"2017-09-02 02:07:49",11,2350,https://scontent-nrt1-1.cdninstagram.com/t51.2885-15/s640x640/sh0.08/e35/21149620_531072440568498_1431803626740776960_n.jpg,"2017-09-01 00:54:01",17,1483,https://scontent-nrt1-1.cdninstagram.com/t51.2885-15/s640x640/sh0.08/e35/c180.0.719.719/21227456_768509489988438_2133611586533720064_n.jpg,"2017-08-31 02:29:32",43,3302,https://scontent-nrt1-1.cdninstagram.com/t51.2885-15/s640x640/sh0.08/e35/c180.0.720.720/21227039_502334870111071_677720043735220224_n.jpg,"2017-08-30 01:12:22",50,3352,https://scontent-nrt1-1.cdninstagram.com/t51.2885-15/s640x640/sh0.08/e35/c0.113.1080.1080/21148922_128469264454850_8492538082485075968_n.jpg
agiurgiualex_15,,4108,30767,519,"2017-09-06 09:04:55",34,3718,https://scontent-nrt1-1.cdninstagram.com/t51.2885-15/s640x640/sh0.08/e35/21433743_1381616925226254_576198424290918400_n.jpg,"2017-09-05 21:59:52",27,2213,https://scontent-nrt1-1.cdninstagram.com/t51.2885-15/s640x640/e15/c0.89.720.720/21435549_129610184338187_7129601885513711616_n.jpg,"2017-09-05 12:52:25",31,4210,https://scontent-nrt1-1.cdninstagram.com/t51.2885-15/s640x640/sh0.08/e35/21372887_2074008002820180_766523852699205632_n.jpg,"2017-09-02 21:49:15",76,6180,https://scontent-nrt1-1.cdninstagram.com/t51.2885-15/s640x640/sh0.08/e35/21294550_866398576899385_8738511078570328064_n.jpg,"2017-09-02 21:47:30",19,5527,https://scontent-nrt1-1.cdninstagram.com/t51.2885-15/s640x640/sh0.08/e35/21227089_127104577934290_297153265198432256_n.jpg,"2017-09-02 21:44:05",75,8070,https://scontent-nrt1-1.cdninstagram.com/t51.2885-15/s640x640/sh0.08/e35/21296560_1265433323565352_4900194403517202432_n.jpg,"2017-09-02 18:14:14",72,5700,https://scontent-nrt1-1.cdninstagram.com/t51.2885-15/s640x640/sh0.08/e35/21224676_2006302346271453_6503219199320522752_n.jpg,"2017-09-02 11:57:13",19,4057,https://scontent-nrt1-1.cdninstagram.com/t51.2885-15/s640x640/sh0.08/e35/21224583_111625229575497_5356227305087696896_n.jpg,"2017-09-02 07:32:42",66,5993,https://scontent-nrt1-1.cdninstagram.com/t51.2885-15/s640x640/sh0.08/e35/21224522_146235222631316_3293917162124607488_n.jpg,"2017-08-30 08:38:26",98,5721,https://scontent-nrt1-1.cdninstagram.com/t51.2885-15/s640x640/sh0.08/e35/21224362_471173626601577_1845491032695767040_n.jpg,"2017-08-27 06:26:34",49,5278,https://scontent-nrt1-1.cdninstagram.com/t51.2885-15/s640x640/sh0.08/e35/c0.88.1080.1080/21042059_264428774073116_44032498639831040_n.jpg,"2017-08-22 06:49:15",10,3341,https://scontent-nrt1-1.cdninstagram.com/t51.2885-15/s640x640/sh0.08/e35/20987051_504466333233514_1948117772995133440_n.jpg
rasreceh,,51,12752,508,"2017-09-06 13:38:38",0,6,https://scontent-nrt1-1.cdninstagram.com/t51.2885-15/e35/21372516_1329439283832209_581276948240531456_n.jpg,"2017-09-06 12:02:53",14,471,https://scontent-nrt1-1.cdninstagram.com/t51.2885-15/e35/21435429_119386972091141_3718918181952159744_n.jpg,"2017-09-06 10:31:13",301,562,https://scontent-nrt1-1.cdninstagram.com/t51.2885-15/e35/21373759_303673273375181_5862367988077821952_n.jpg,"2017-09-06 07:45:54",14,985,https://scontent-nrt1-1.cdninstagram.com/t51.2885-15/s640x640/sh0.08/e35/21372096_102628097131764_5055328806932316160_n.jpg,"2017-09-05 22:26:43",51,1594,https://scontent-nrt1-1.cdninstagram.com/t51.2885-15/e35/c0.67.540.540/21434125_115057289160941_6274641301820407808_n.jpg,"2017-09-05 14:40:13",29,1812,https://scontent-nrt1-1.cdninstagram.com/t51.2885-15/e35/c79.0.381.381/21372192_1946139398991898_7558348735298666496_n.jpg,"2017-09-05 12:58:56",13,791,https://scontent-nrt1-1.cdninstagram.com/t51.2885-15/e35/21371929_117011835687214_7056340102905069568_n.jpg,"2017-09-05 11:08:29",6,815,https://scontent-nrt1-1.cdninstagram.com/t51.2885-15/e35/c0.3.540.540/21371829_1499893603405737_3770694583936090112_n.jpg,"2017-09-05 07:35:55",14,425,https://scontent-nrt1-1.cdninstagram.com/t51.2885-15/s640x640/sh0.08/e35/21372471_170503763506497_7575644336671424512_n.jpg,"2017-09-04 22:14:00",4,788,https://scontent-nrt1-1.cdninstagram.com/t51.2885-15/s640x640/sh0.08/e35/21371626_150532328864842_5536633536590643200_n.jpg,"2017-09-04 12:12:31",7,1088,https://scontent-nrt1-1.cdninstagram.com/t51.2885-15/s640x640/sh0.08/e35/c135.0.810.810/21296169_2004771859756700_5519701306630995968_n.jpg,"2017-09-04 10:52:42",83,757,https://scontent-nrt1-1.cdninstagram.com/t51.2885-15/e35/21296981_1642848859099640_2481661249276870656_n.jpg
slayingarabb,,12,25937,108,"2017-09-06 10:45:29",17,942,https://scontent-nrt1-1.cdninstagram.com/t51.2885-15/s640x640/sh0.08/e35/21371801_113065949432830_8186673373774872576_n.jpg,"2017-09-05 23:28:02",29,2580,https://scontent-nrt1-1.cdninstagram.com/t51.2885-15/s640x640/sh0.08/e35/c0.88.896.896/21372953_1610311022364941_1085046019009282048_n.jpg,"2017-09-05 22:22:01",6,241,https://scontent-nrt1-1.cdninstagram.com/t51.2885-15/e35/21294400_292497291159015_8812021471065931776_n.jpg,"2017-09-05 20:32:48",9,1281,https://scontent-nrt1-1.cdninstagram.com/t51.2885-15/s640x640/sh0.08/e35/c0.75.879.879/21373058_231874037337883_4213909589403369472_n.jpg,"2017-09-05 19:29:57",17,523,https://scontent-nrt1-1.cdninstagram.com/t51.2885-15/s640x640/sh0.08/e35/21434092_244145612774435_4236622183918469120_n.jpg,"2017-09-05 18:29:16",9,750,https://scontent-nrt1-1.cdninstagram.com/t51.2885-15/s640x640/sh0.08/e35/c0.25.797.797/21433766_1420544841346753_6026507189860958208_n.jpg,"2017-09-05 16:10:44",195,1535,https://scontent-nrt1-1.cdninstagram.com/t51.2885-15/s640x640/sh0.08/e35/c0.18.786.786/21371864_334450387014463_8221043819496341504_n.jpg,"2017-09-05 13:59:35",14,1459,https://scontent-nrt1-1.cdninstagram.com/t51.2885-15/s640x640/sh0.08/e35/21433981_1465315263557032_2227617378282242048_n.jpg,"2017-09-05 11:26:15",20,1538,https://scontent-nrt1-1.cdninstagram.com/t51.2885-15/s640x640/sh0.08/e35/c0.75.878.878/21373045_312656169143979_50651794862243840_n.jpg,"2017-09-05 01:41:39",25,3864,https://scontent-nrt1-1.cdninstagram.com/t51.2885-15/s640x640/sh0.08/e35/21372119_1976105175962771_8037956849795858432_n.jpg,"2017-09-05 01:02:23",19,3321,https://scontent-nrt1-1.cdninstagram.com/t51.2885-15/s640x640/sh0.08/e35/21372265_818428428365220_1650577071681830912_n.jpg,"2017-09-04 22:38:31",25,976,https://scontent-nrt1-1.cdninstagram.com/t51.2885-15/s640x640/sh0.08/e35/21435586_482186658804203_2567089733637242880_n.jpg
kudi_kaim,,2282,88605,259,"2017-09-06 13:23:44",1,105,https://scontent-nrt1-1.cdninstagram.com/t51.2885-15/e15/21480236_118341045452793_5293008440212324352_n.jpg,"2017-09-06 09:22:30",7,1326,https://scontent-nrt1-1.cdninstagram.com/t51.2885-15/e15/21372010_710097962517658_683114101752201216_n.jpg,"2017-09-06 08:07:15",0,499,https://scontent-nrt1-1.cdninstagram.com/t51.2885-15/e15/21433441_766543363470140_8405322552427151360_n.jpg,"2017-09-06 05:18:59",7,846,https://scontent-nrt1-1.cdninstagram.com/t51.2885-15/e15/20838186_265617180610681_5715174609825824768_n.jpg,"2017-09-05 18:38:06",17,1372,https://scontent-nrt1-1.cdninstagram.com/t51.2885-15/e15/21372023_208563396347449_2154322971102019584_n.jpg,"2017-09-05 14:09:16",14,908,https://scontent-nrt1-1.cdninstagram.com/t51.2885-15/e15/21371909_114055469275298_4435731224174002176_n.jpg,"2017-09-05 09:40:05",6,1215,https://scontent-nrt1-1.cdninstagram.com/t51.2885-15/e15/21372077_2025189891037941_4718236761107464192_n.jpg,"2017-09-05 05:22:20",43,7471,https://scontent-nrt1-1.cdninstagram.com/t51.2885-15/e15/21372530_412291935840069_8739906006638657536_n.jpg,"2017-09-04 17:21:39",24,1996,https://scontent-nrt1-1.cdninstagram.com/t51.2885-15/e15/21372827_140713249869974_5665645953206452224_n.jpg,"2017-09-04 15:20:28",4,1482,https://scontent-nrt1-1.cdninstagram.com/t51.2885-15/e35/c2.0.635.635/21296760_1900466520218741_7333227573507260416_n.jpg,"2017-09-04 13:33:33",10,415,https://scontent-nrt1-1.cdninstagram.com/t51.2885-15/e15/c92.0.428.428/21372370_112503046113537_5151021468561178624_n.jpg,"2017-09-04 11:33:22",45,4913,https://scontent-nrt1-1.cdninstagram.com/t51.2885-15/e15/21372525_2012400472337011_2396983280386703360_n.jpg
showcasedance,,3650,93891,1333,"2017-09-06 09:05:33",7,3858,https://scontent-nrt1-1.cdninstagram.com/t51.2885-15/e15/c236.0.607.607/21480002_1865759850105559_5213615544544002048_n.jpg,"2017-09-06 03:54:21",12,3855,https://scontent-nrt1-1.cdninstagram.com/t51.2885-15/e15/c140.0.360.360/21372972_269758356852321_5565184215726686208_n.jpg,"2017-09-06 03:48:21",3,4622,https://scontent-nrt1-1.cdninstagram.com/t51.2885-15/s640x640/sh0.08/e35/21373622_115014115843146_8271421281912487936_n.jpg,"2017-09-05 05:42:45",6,4047,https://scontent-nrt1-1.cdninstagram.com/t51.2885-15/e35/21372296_178051012741161_2281236196682104832_n.jpg,"2017-09-05 05:41:06",1,4031,https://scontent-nrt1-1.cdninstagram.com/t51.2885-15/e35/21372384_489668964739288_8340955870426824704_n.jpg,"2017-09-02 11:05:13",5,4044,https://scontent-nrt1-1.cdninstagram.com/t51.2885-15/s640x640/sh0.08/e35/21227252_118842378839345_3874401938007130112_n.jpg,"2017-09-02 09:28:43",3,4162,https://scontent-nrt1-1.cdninstagram.com/t51.2885-15/s640x640/sh0.08/e35/c2.0.1075.1075/21226993_1465794413501063_588984520456273920_n.jpg,"2017-09-02 09:25:59",4,3880,https://scontent-nrt1-1.cdninstagram.com/t51.2885-15/s640x640/sh0.08/e35/21227039_1275914305846487_4953507604929183744_n.jpg,"2017-09-02 01:15:50",2,4133,https://scontent-nrt1-1.cdninstagram.com/t51.2885-15/e15/c140.0.360.360/21227329_1932669063641233_7134497791748866048_n.jpg,"2017-09-01 09:14:10",1,4036,https://scontent-nrt1-1.cdninstagram.com/t51.2885-15/e35/21149850_1692524584113413_6355349604237574144_n.jpg,"2017-08-31 02:41:25",4,3955,https://scontent-nrt1-1.cdninstagram.com/t51.2885-15/e15/21147792_408636212866585_6166514130049040384_n.jpg,"2017-08-29 05:29:23",1,3973,https://scontent-nrt1-1.cdninstagram.com/t51.2885-15/s640x640/sh0.08/e35/21107413_1739910729643559_1179815215424864256_n.jpg
thebikekingz,,201,145021,1173,"2017-09-06 11:25:58",7,1812,https://scontent-nrt1-1.cdninstagram.com/t51.2885-15/e15/c134.0.344.344/21436290_117916175538695_2231416968345288704_n.jpg,"2017-09-06 11:22:59",3,1232,https://scontent-nrt1-1.cdninstagram.com/t51.2885-15/s640x640/sh0.08/e35/21480478_156889978227831_89307900685582336_n.jpg,"2017-09-06 09:50:35",3,2454,https://scontent-nrt1-1.cdninstagram.com/t51.2885-15/s640x640/sh0.08/e35/21373316_731691020364871_7521771453776134144_n.jpg,"2017-09-06 09:35:33",20,1959,https://scontent-nrt1-1.cdninstagram.com/t51.2885-15/e15/21480475_497992243881107_6813949225508798464_n.jpg,"2017-09-06 06:52:35",7,2923,https://scontent-nrt1-1.cdninstagram.com/t51.2885-15/s640x640/sh0.08/e35/21371799_115399489171275_4724468793013698560_n.jpg,"2017-09-05 21:15:16",13,3168,https://scontent-nrt1-1.cdninstagram.com/t51.2885-15/e15/21372052_120708291920962_6622487426063400960_n.jpg,"2017-09-05 18:52:13",11,2342,https://scontent-nrt1-1.cdninstagram.com/t51.2885-15/e15/c139.0.362.362/21373770_1936905353246260_6326632752816848896_n.jpg,"2017-09-05 18:09:02",2,3624,https://scontent-nrt1-1.cdninstagram.com/t51.2885-15/s640x640/sh0.08/e35/c0.57.1080.1080/21372169_1952204621686869_7828074687237193728_n.jpg,"2017-09-05 17:51:02",31,4020,https://scontent-nrt1-1.cdninstagram.com/t51.2885-15/e15/21435845_1929869040605335_1443224649155477504_n.jpg,"2017-09-05 16:56:00",7,4171,https://scontent-nrt1-1.cdninstagram.com/t51.2885-15/s640x640/sh0.08/e35/21372195_342695952855003_5308465726862917632_n.jpg,"2017-09-05 16:19:46",24,2311,https://scontent-nrt1-1.cdninstagram.com/t51.2885-15/e15/c0.73.612.612/21435341_474107652946547_5498064322250670080_n.jpg,"2017-09-05 15:45:45",39,2241,https://scontent-nrt1-1.cdninstagram.com/t51.2885-15/e15/21371807_1982681475351076_132071004561211392_n.jpg
mohammed_binzyed,,1321,819,2403,"2017-09-06 12:05:42",2,12,https://scontent-nrt1-1.cdninstagram.com/t51.2885-15/e15/21372599_856504247846446_7366362365727604736_n.jpg,"2017-09-06 12:03:05",3,11,https://scontent-nrt1-1.cdninstagram.com/t51.2885-15/e15/21294481_114100495949484_8118778762687938560_n.jpg,"2017-09-06 10:51:26",1,21,https://scontent-nrt1-1.cdninstagram.com/t51.2885-15/e15/21433981_661337204070621_8888083056955490304_n.jpg,"2017-09-06 09:27:06",0,20,https://scontent-nrt1-1.cdninstagram.com/t51.2885-15/e15/21435777_1380166425433423_3956409395016892416_n.jpg,"2017-09-06 09:23:48",0,17,https://scontent-nrt1-1.cdninstagram.com/t51.2885-15/e15/21480493_463193737399530_5681878477159006208_n.jpg,"2017-09-06 09:22:03",0,14,https://scontent-nrt1-1.cdninstagram.com/t51.2885-15/e15/c0.76.612.612/21433342_1923170271281957_915729972885192704_n.jpg,"2017-09-06 09:19:40",1,18,https://scontent-nrt1-1.cdninstagram.com/t51.2885-15/e15/21435538_344342592681082_6802560436823654400_n.jpg,"2017-09-06 09:17:38",0,9,https://scontent-nrt1-1.cdninstagram.com/t51.2885-15/e35/21373385_338864406553023_2682405052869509120_n.jpg,"2017-09-06 09:16:28",1,16,https://scontent-nrt1-1.cdninstagram.com/t51.2885-15/e15/c0.76.612.612/21373747_115667219116278_6926311578631405568_n.jpg,"2017-09-06 09:12:52",0,10,https://scontent-nrt1-1.cdninstagram.com/t51.2885-15/e15/21373645_1915640955363087_7203834017198637056_n.jpg,"2017-09-06 09:11:50",2,8,https://scontent-nrt1-1.cdninstagram.com/t51.2885-15/e15/21373689_1245416802229434_6681295187727089664_n.jpg,"2017-09-06 09:09:48",0,15,https://scontent-nrt1-1.cdninstagram.com/t51.2885-15/e15/c133.0.346.346/21372145_504851009867599_7452700816219045888_n.jpg
_alyssaincendiario,,323,108,25,"2017-09-06 09:27:01",0,18,https://scontent-nrt1-1.cdninstagram.com/t51.2885-15/s640x640/sh0.08/e35/c0.135.1080.1080/21372295_114120825942112_3169514138770604032_n.jpg,"2017-09-05 18:14:42",0,23,https://scontent-nrt1-1.cdninstagram.com/t51.2885-15/s640x640/sh0.08/e35/21373682_301248450349905_1522730691442245632_n.jpg,"2017-09-05 07:29:23",0,44,https://scontent-nrt1-1.cdninstagram.com/t51.2885-15/s640x640/sh0.08/e35/21371832_128326887806200_7687827160161058816_n.jpg,"2017-09-04 16:01:15",1,33,https://scontent-nrt1-1.cdninstagram.com/t51.2885-15/s640x640/sh0.08/e35/c0.135.1080.1080/21371799_1412164112230502_1452692195889905664_n.jpg,"2017-09-04 03:54:17",1,41,https://scontent-nrt1-1.cdninstagram.com/t51.2885-15/s640x640/sh0.08/e35/21294549_483720028672337_2473882200215388160_n.jpg,"2017-09-03 06:12:17",2,22,https://scontent-nrt1-1.cdninstagram.com/t51.2885-15/s640x640/sh0.08/e35/c0.135.1080.1080/21371861_129483417685326_7847888453705400320_n.jpg,"2017-09-02 09:27:35",2,42,https://scontent-nrt1-1.cdninstagram.com/t51.2885-15/s640x640/sh0.08/e35/21294304_2025820227676442_872194427731312640_n.jpg,"2017-09-02 04:35:05",2,35,https://scontent-nrt1-1.cdninstagram.com/t51.2885-15/s640x640/sh0.08/e35/21149785_504295829919901_2287379919765766144_n.jpg,"2017-09-01 14:29:36",1,20,https://scontent-nrt1-1.cdninstagram.com/t51.2885-15/s640x640/sh0.08/e35/21224974_1263504040441819_2205624744840003584_n.jpg,"2017-09-01 04:54:36",1,23,https://scontent-nrt1-1.cdninstagram.com/t51.2885-15/s640x640/sh0.08/e35/c0.135.1080.1080/21149264_141767286424503_1487407291262042112_n.jpg,"2017-08-31 19:46:38",0,31,https://scontent-nrt1-1.cdninstagram.com/t51.2885-15/s640x640/sh0.08/e35/c0.115.920.920/21149390_206011493267512_7929361509409357824_n.jpg,"2017-08-31 19:42:09",0,24,https://scontent-nrt1-1.cdninstagram.com/t51.2885-15/s640x640/sh0.08/e35/c0.127.1080.1080/21224599_360839074352889_7065183479222239232_n.jpg
rishabhmanan789,,172,842,199,"2017-09-06 09:26:36",1,67,https://scontent-nrt1-1.cdninstagram.com/t51.2885-15/s640x640/sh0.08/e35/21433682_265115293994152_8937826625148420096_n.jpg,"2017-09-03 06:05:04",2,99,https://scontent-nrt1-1.cdninstagram.com/t51.2885-15/s640x640/sh0.08/e35/c0.65.1080.1080/21372568_470903043277172_766175904513654784_n.jpg,"2017-08-19 07:09:32",12,107,https://scontent-nrt1-1.cdninstagram.com/t51.2885-15/s640x640/sh0.08/e35/20902465_138438066756486_511770311373357056_n.jpg,"2017-08-15 03:44:40",0,89,https://scontent-nrt1-1.cdninstagram.com/t51.2885-15/e35/20837066_1998018830433566_3490215927968956416_n.jpg,"2017-08-13 03:09:10",2,106,https://scontent-nrt1-1.cdninstagram.com/t51.2885-15/s640x640/sh0.08/e35/20759088_1601311176567009_3616143020467945472_n.jpg,"2017-08-03 16:03:27",4,99,https://scontent-nrt1-1.cdninstagram.com/t51.2885-15/s640x640/sh0.08/e35/c0.135.1080.1080/20589479_325261154580859_7467051178128310272_n.jpg,"2017-07-28 07:00:08",6,119,https://scontent-nrt1-1.cdninstagram.com/t51.2885-15/s640x640/sh0.08/e35/20478585_1455804581149378_432865680472145920_n.jpg,"2017-07-25 13:09:00",0,117,https://scontent-nrt1-1.cdninstagram.com/t51.2885-15/e35/20225176_1282474131821426_5345791178803511296_n.jpg,"2017-07-24 10:19:40",4,118,https://scontent-nrt1-1.cdninstagram.com/t51.2885-15/e35/20225266_1898210637086672_7048140967387332608_n.jpg,"2017-07-22 12:20:31",10,123,https://scontent-nrt1-1.cdninstagram.com/t51.2885-15/s640x640/sh0.08/e35/20184575_115386085769688_5951611017577365504_n.jpg,"2017-07-15 02:01:19",4,110,https://scontent-nrt1-1.cdninstagram.com/t51.2885-15/s640x640/sh0.08/e35/20066050_1191384874300674_5123390079930204160_n.jpg,"2017-07-07 13:30:27",2,112,https://scontent-nrt1-1.cdninstagram.com/t51.2885-15/s640x640/sh0.08/e35/19761337_249538275546256_4015676026691518464_n.jpg
skinlesspaule,,95,34,4,"2017-09-06 09:26:35",0,29,https://scontent-nrt1-1.cdninstagram.com/t51.2885-15/s640x640/sh0.08/e35/21372547_351041892017325_7293849582465712128_n.jpg,"2017-09-05 15:04:32",1,16,https://scontent-nrt1-1.cdninstagram.com/t51.2885-15/e35/c236.0.607.607/21373822_765501006907993_8053686677891186688_n.jpg,"2017-08-29 15:07:37",0,17,https://scontent-nrt1-1.cdninstagram.com/t51.2885-15/s640x640/sh0.08/e35/21224356_1646626862074567_3081023935433670656_n.jpg,"2017-08-16 17:48:53",0,35,https://scontent-nrt1-1.cdninstagram.com/t51.2885-15/s640x640/sh0.08/e35/20838404_494375587582141_777665938462867456_n.jpg
syed_syauqi,,305,181,79,"2017-09-06 09:50:49",0,5,https://scontent-nrt1-1.cdninstagram.com/t51.2885-15/e35/c236.0.608.608/21042789_1287788121344354_5511735499506581504_n.jpg,"2017-09-06 09:26:09",0,18,https://scontent-nrt1-1.cdninstagram.com/t51.2885-15/e35/c0.43.480.480/21372466_705132829676374_6284862391976984576_n.jpg,"2017-08-26 11:14:22",0,7,https://scontent-nrt1-1.cdninstagram.com/t51.2885-15/e35/21041391_162735070960852_692149179639660544_n.jpg,"2017-08-14 05:13:12",0,10,https://scontent-nrt1-1.cdninstagram.com/t51.2885-15/e35/20759272_1271073289668878_6589789122779414528_n.jpg,"2017-08-13 06:38:25",0,14,https://scontent-nrt1-1.cdninstagram.com/t51.2885-15/e35/c0.60.480.480/20766629_491266927888830_3417842851403268096_n.jpg,"2017-08-13 05:51:08",0,13,https://scontent-nrt1-1.cdninstagram.com/t51.2885-15/s640x640/sh0.08/e35/20688739_1200001213478957_4991540949084536832_n.jpg,"2017-08-12 12:34:40",2,10,https://scontent-nrt1-1.cdninstagram.com/t51.2885-15/s640x640/sh0.08/e35/c0.135.1080.1080/20688560_795832237253192_5700225611079876608_n.jpg,"2017-07-27 03:59:21",0,15,https://scontent-nrt1-1.cdninstagram.com/t51.2885-15/s640x640/sh0.08/e35/20346884_816064135229682_9033123900677947392_n.jpg,"2017-07-15 09:49:52",3,26,https://scontent-nrt1-1.cdninstagram.com/t51.2885-15/s640x640/sh0.08/e35/c0.135.1080.1080/19984500_321932788249860_2560306069016412160_n.jpg,"2017-07-15 08:55:39",1,34,https://scontent-nrt1-1.cdninstagram.com/t51.2885-15/s640x640/sh0.08/e35/c0.101.810.810/19985368_742701069235843_3120922330482606080_n.jpg,"2017-07-10 15:07:30",0,15,https://scontent-nrt1-1.cdninstagram.com/t51.2885-15/e35/c0.39.320.320/19765010_127254437875738_3568892143919431680_n.jpg,"2017-06-29 04:26:40",1,23,https://scontent-nrt1-1.cdninstagram.com/t51.2885-15/e35/c0.76.607.607/19436338_149802685566592_2131223116565708800_n.jpg
filmdose_podcast,,71,28,17,"2017-09-06 09:25:42",0,19,https://scontent-nrt1-1.cdninstagram.com/t51.2885-15/s640x640/sh0.08/e35/c111.0.858.858/21433369_276233472870457_1032201510198444032_n.jpg,"2017-09-03 11:50:40",0,11,https://scontent-nrt1-1.cdninstagram.com/t51.2885-15/s640x640/sh0.08/e35/21227544_1089908104475751_4272879597751631872_n.jpg,"2017-09-01 17:11:42",0,4,https://scontent-nrt1-1.cdninstagram.com/t51.2885-15/e35/c236.0.607.607/21296166_339396423176514_1281046692648452096_n.jpg,"2017-09-01 15:42:33",0,5,https://scontent-nrt1-1.cdninstagram.com/t51.2885-15/e35/21227245_588401798217006_1090768693564014592_n.jpg,"2017-08-31 17:31:32",1,13,https://scontent-nrt1-1.cdninstagram.com/t51.2885-15/s640x640/sh0.08/e35/21224050_115080452497326_6828433856685670400_n.jpg,"2017-08-30 12:38:59",0,14,https://scontent-nrt1-1.cdninstagram.com/t51.2885-15/s640x640/sh0.08/e35/21224672_434488090285116_6457815837314121728_n.jpg,"2017-08-29 21:58:38",1,8,https://scontent-nrt1-1.cdninstagram.com/t51.2885-15/s640x640/sh0.08/e35/c2.0.1075.1075/21149385_586285725095407_8235597934654128128_n.jpg,"2017-08-27 19:38:50",0,6,https://scontent-nrt1-1.cdninstagram.com/t51.2885-15/s640x640/sh0.08/e35/21149864_1906839969635836_703257468305670144_n.jpg,"2017-08-27 08:31:49",0,14,https://scontent-nrt1-1.cdninstagram.com/t51.2885-15/s640x640/sh0.08/e35/21147894_1951030698494788_3226031175332003840_n.jpg,"2017-08-26 06:14:20",0,4,https://scontent-nrt1-1.cdninstagram.com/t51.2885-15/s640x640/sh0.08/e35/21041236_112037902848691_8237680199223738368_n.jpg,"2017-08-24 14:55:44",1,7,https://scontent-nrt1-1.cdninstagram.com/t51.2885-15/s640x640/sh0.08/e35/21042131_145778826019348_3643358432926367744_n.jpg,"2017-08-23 17:24:59",0,8,https://scontent-nrt1-1.cdninstagram.com/t51.2885-15/s640x640/sh0.08/e35/c2.0.1075.1075/21107295_1958264411111514_2282185826836152320_n.jpg
rainbowwxrld,,17,19,24,"2017-09-06 09:25:38",0,14,https://scontent-nrt1-1.cdninstagram.com/t51.2885-15/s640x640/sh0.08/e35/21433749_128426444464571_3024288985116573696_n.jpg,"2017-09-05 07:10:49",0,7,https://scontent-nrt1-1.cdninstagram.com/t51.2885-15/s640x640/sh0.08/e35/21371643_352091121914105_3084561334923165696_n.jpg,"2017-09-04 07:36:52",0,12,https://scontent-nrt1-1.cdninstagram.com/t51.2885-15/s640x640/sh0.08/e35/21294528_349860902121362_3096130168637358080_n.jpg,"2017-09-03 07:16:48",0,14,https://scontent-nrt1-1.cdninstagram.com/t51.2885-15/s640x640/sh0.08/e35/21296215_120372975289737_471367944861908992_n.jpg,"2017-09-02 08:55:18",0,8,https://scontent-nrt1-1.cdninstagram.com/t51.2885-15/s640x640/sh0.08/e35/21295059_163915394183990_6815630357312831488_n.jpg,"2017-09-01 07:58:15",1,8,https://scontent-nrt1-1.cdninstagram.com/t51.2885-15/s640x640/sh0.08/e35/21224053_1967913130117917_5762637503139938304_n.jpg,"2017-08-31 07:41:14",0,3,https://scontent-nrt1-1.cdninstagram.com/t51.2885-15/s640x640/sh0.08/e35/21149124_1709329635767319_1559979366547456000_n.jpg,"2017-08-30 08:31:51",0,10,https://scontent-nrt1-1.cdninstagram.com/t51.2885-15/s640x640/sh0.08/e35/21149112_1447426902011642_8804483361079820288_n.jpg,"2017-08-29 08:03:19",2,22,https://scontent-nrt1-1.cdninstagram.com/t51.2885-15/s640x640/sh0.08/e35/21224436_527419020930614_5310826756284874752_n.jpg,"2017-08-28 08:43:15",0,2,https://scontent-nrt1-1.cdninstagram.com/t51.2885-15/s640x640/sh0.08/e35/c0.135.1080.1080/21147462_276128886125756_6080523919800926208_n.jpg,"2017-08-27 06:30:00",0,9,https://scontent-nrt1-1.cdninstagram.com/t51.2885-15/s640x640/sh0.08/e35/21042477_154782755104269_6935313082759512064_n.jpg,"2017-08-26 07:32:38",0,14,https://scontent-nrt1-1.cdninstagram.com/t51.2885-15/e35/21042831_1481987678533618_3761342142325194752_n.jpg
milliethehuman,,710,1610,291,"2017-09-06 09:24:55",3,88,https://scontent-nrt1-1.cdninstagram.com/t51.2885-15/s640x640/sh0.08/e35/c135.0.810.810/21433312_116669189034282_5253217616914284544_n.jpg,"2017-09-04 11:39:29",5,131,https://scontent-nrt1-1.cdninstagram.com/t51.2885-15/s640x640/sh0.08/e35/21296221_128544287778998_3149872437282209792_n.jpg,"2017-08-31 11:04:25",3,138,https://scontent-nrt1-1.cdninstagram.com/t51.2885-15/s640x640/sh0.08/e35/c0.100.800.800/21147737_136416790307484_5124389484460244992_n.jpg,"2017-08-27 06:58:53",1,166,https://scontent-nrt1-1.cdninstagram.com/t51.2885-15/s640x640/sh0.08/e35/c0.135.1080.1080/21041786_144789229449907_5213646223495397376_n.jpg,"2017-08-24 07:22:47",1,180,https://scontent-nrt1-1.cdninstagram.com/t51.2885-15/s640x640/sh0.08/e35/c0.134.1080.1080/21042039_1600987313299562_3638157141631565824_n.jpg,"2017-08-21 11:35:07",0,162,https://scontent-nrt1-1.cdninstagram.com/t51.2885-15/s640x640/sh0.08/e35/20968621_168690077025806_1150901998099365888_n.jpg,"2017-08-19 01:09:14",5,138,https://scontent-nrt1-1.cdninstagram.com/t51.2885-15/s640x640/sh0.08/e35/c134.0.811.811/20838346_1642590932419217_1994428786145230848_n.jpg,"2017-08-16 11:20:29",0,125,https://scontent-nrt1-1.cdninstagram.com/t51.2885-15/s640x640/sh0.08/e35/c181.0.718.718/20837263_113846835946858_4190940237448347648_n.jpg,"2017-08-15 11:30:48",4,197,https://scontent-nrt1-1.cdninstagram.com/t51.2885-15/s640x640/sh0.08/e35/c0.134.1080.1080/20838225_165471370693177_6268175722477518848_n.jpg,"2017-08-14 10:42:06",0,163,https://scontent-nrt1-1.cdninstagram.com/t51.2885-15/s640x640/sh0.08/e35/c0.134.1080.1080/20838922_663490667190678_1611732030247141376_n.jpg,"2017-08-13 08:45:07",1,179,https://scontent-nrt1-1.cdninstagram.com/t51.2885-15/s640x640/sh0.08/e35/c0.134.1080.1080/20686509_479285715761940_4396300173106479104_n.jpg,"2017-08-06 11:23:55",0,142,https://scontent-nrt1-1.cdninstagram.com/t51.2885-15/s640x640/sh0.08/e35/c135.0.809.809/20590023_264983023989028_6685624660790345728_n.jpg
kek5050,,229,1183,418,"2017-09-06 13:19:46",5,60,https://scontent-nrt1-1.cdninstagram.com/t51.2885-15/s640x640/sh0.08/e35/21433524_478890679157620_1406037177334235136_n.jpg,"2017-09-06 09:24:34",0,164,https://scontent-nrt1-1.cdninstagram.com/t51.2885-15/e35/c0.56.455.455/21373181_268317163660128_6362518574669496320_n.jpg,"2017-09-05 10:40:27",2,570,https://scontent-nrt1-1.cdninstagram.com/t51.2885-15/s640x640/sh0.08/e35/c153.0.773.773/21372619_1819340144971274_8830219118650064896_n.jpg,"2017-09-05 09:21:37",14,953,https://scontent-nrt1-1.cdninstagram.com/t51.2885-15/s640x640/sh0.08/e35/c125.0.830.830/21373053_291302681350601_1361719630304903168_n.jpg,"2017-09-04 17:16:43",3,525,https://scontent-nrt1-1.cdninstagram.com/t51.2885-15/s640x640/sh0.08/e35/c1.0.1078.1078/21433817_351370345284043_7220486442923851776_n.jpg,"2017-09-04 08:13:37",7,385,https://scontent-nrt1-1.cdninstagram.com/t51.2885-15/s640x640/sh0.08/e35/c0.88.1080.1080/21296775_1544572678919414_1881448352868990976_n.jpg,"2017-09-04 08:09:02",0,267,https://scontent-nrt1-1.cdninstagram.com/t51.2885-15/s640x640/sh0.08/e35/c0.86.715.715/21373010_501805800164902_6204746567413399552_n.jpg,"2017-09-03 11:49:31",3,265,https://scontent-nrt1-1.cdninstagram.com/t51.2885-15/s640x640/sh0.08/e35/c0.131.1080.1080/21296399_114666535868205_8427027491780034560_n.jpg,"2017-09-02 11:36:39",5,267,https://scontent-nrt1-1.cdninstagram.com/t51.2885-15/s640x640/sh0.08/e35/c0.135.1080.1080/21294385_890755937755968_9023915014053953536_n.jpg,"2017-09-02 10:32:43",5,735,https://scontent-nrt1-1.cdninstagram.com/t51.2885-15/s640x640/sh0.08/e35/c0.43.719.719/21227331_1068877649909533_1118219749403131904_n.jpg,"2017-09-02 08:30:47",3,420,https://scontent-nrt1-1.cdninstagram.com/t51.2885-15/s640x640/sh0.08/e35/c13.0.1053.1053/21224499_814595502034749_9009057274773110784_n.jpg,"2017-09-01 13:48:14",1,195,https://scontent-nrt1-1.cdninstagram.com/t51.2885-15/s640x640/sh0.08/e35/21226909_115502239124159_3525553145058951168_n.jpg
mynoell,,256,1312,2471,"2017-09-06 09:46:54",2,43,https://scontent-nrt1-1.cdninstagram.com/t51.2885-15/s640x640/sh0.08/e35/21433902_122341308421801_914441654495084544_n.jpg,"2017-09-06 09:34:56",0,38,https://scontent-nrt1-1.cdninstagram.com/t51.2885-15/s640x640/sh0.08/e35/21479754_286582268489540_5254979111851393024_n.jpg,"2017-09-06 09:33:02",0,37,https://scontent-nrt1-1.cdninstagram.com/t51.2885-15/s640x640/sh0.08/e35/21433956_116323155734638_7042106160379330560_n.jpg,"2017-09-06 09:24:03",2,27,https://scontent-nrt1-1.cdninstagram.com/t51.2885-15/s640x640/sh0.08/e35/21371993_117638538937823_5615141999708471296_n.jpg,"2017-09-06 09:22:35",0,15,https://scontent-nrt1-1.cdninstagram.com/t51.2885-15/s640x640/sh0.08/e35/21433571_163926794184213_2348766938139721728_n.jpg,"2017-09-04 10:25:45",1,34,https://scontent-nrt1-1.cdninstagram.com/t51.2885-15/s640x640/sh0.08/e35/21372327_1431212533667004_1173776688975183872_n.jpg,"2017-09-03 10:51:13",1,21,https://scontent-nrt1-1.cdninstagram.com/t51.2885-15/s640x640/sh0.08/e35/21371806_1631527823587430_7621990663042629632_n.jpg,"2017-09-03 10:50:04",0,29,https://scontent-nrt1-1.cdninstagram.com/t51.2885-15/s640x640/sh0.08/e35/21372205_121489661842123_1605416126219550720_n.jpg,"2017-09-03 10:48:56",0,40,https://scontent-nrt1-1.cdninstagram.com/t51.2885-15/s640x640/sh0.08/e35/21296392_148893255598970_7319545697487814656_n.jpg,"2017-09-03 10:47:26",0,24,https://scontent-nrt1-1.cdninstagram.com/t51.2885-15/s640x640/sh0.08/e35/21372219_274481446380846_2849951100021243904_n.jpg,"2017-09-03 10:38:44",2,40,https://scontent-nrt1-1.cdninstagram.com/t51.2885-15/s640x640/sh0.08/e35/21296604_1716731518632098_5791839342267727872_n.jpg,"2017-09-02 02:44:37",0,32,https://scontent-nrt1-1.cdninstagram.com/t51.2885-15/s640x640/sh0.08/e35/21295217_284202758732643_4919736109577011200_n.jpg
abhi_akay47,,373,2189,362,"2017-09-06 09:24:02",6,128,https://scontent-nrt1-1.cdninstagram.com/t51.2885-15/s640x640/sh0.08/e35/21435519_1491010320982390_7884569308364275712_n.jpg,"2017-09-02 17:03:42",14,233,https://scontent-nrt1-1.cdninstagram.com/t51.2885-15/s640x640/sh0.08/e35/c0.106.852.852/21227665_691737754354750_6417749015122673664_n.jpg,"2017-08-29 10:35:57",5,161,https://scontent-nrt1-1.cdninstagram.com/t51.2885-15/s640x640/sh0.08/e35/c0.135.1080.1080/21108007_284444668704066_3344914581595095040_n.jpg,"2017-08-21 16:31:26",12,192,https://scontent-nrt1-1.cdninstagram.com/t51.2885-15/s640x640/sh0.08/e35/21041753_841819835983586_5859619037209690112_n.jpg,"2017-08-20 14:14:40",4,163,https://scontent-nrt1-1.cdninstagram.com/t51.2885-15/s640x640/sh0.08/e35/c0.135.1080.1080/20968902_152145628699382_5674455536720936960_n.jpg,"2017-08-17 18:31:10",1,160,https://scontent-nrt1-1.cdninstagram.com/t51.2885-15/s640x640/sh0.08/e35/c0.135.1080.1080/20837220_1208543592590666_2221654782559387648_n.jpg,"2017-08-16 10:50:18",2,149,https://scontent-nrt1-1.cdninstagram.com/t51.2885-15/s640x640/sh0.08/e35/c0.135.1080.1080/20766812_1928588257399291_5255831478176055296_n.jpg,"2017-08-11 13:46:09",4,172,https://scontent-nrt1-1.cdninstagram.com/t51.2885-15/s640x640/sh0.08/e35/c0.135.1080.1080/20688478_150610948851830_3078815527674576896_n.jpg,"2017-08-07 14:46:35",19,170,https://scontent-nrt1-1.cdninstagram.com/t51.2885-15/e35/c236.0.608.608/20633672_276581156155734_8626932604223881216_n.jpg,"2017-07-31 16:00:15",4,171,https://scontent-nrt1-1.cdninstagram.com/t51.2885-15/s640x640/sh0.08/e35/c0.135.1080.1080/20398843_767270180146188_3471057526265479168_n.jpg,"2017-07-22 14:53:40",3,183,https://scontent-nrt1-1.cdninstagram.com/t51.2885-15/s640x640/sh0.08/e35/20213816_319002765193000_956772027530739712_n.jpg,"2017-07-20 07:13:34",1,142,https://scontent-nrt1-1.cdninstagram.com/t51.2885-15/s640x640/sh0.08/e35/c0.135.1080.1080/20180844_1822277577783239_1764567530942234624_n.jpg
sharahxlee,,611,2238,184,"2017-09-06 13:12:50",0,21,https://scontent-nrt1-1.cdninstagram.com/t51.2885-15/s640x640/sh0.08/e35/c0.64.1079.1079/21433857_269494286899218_1775972756467220480_n.jpg,"2017-09-06 09:23:58",3,142,https://scontent-nrt1-1.cdninstagram.com/t51.2885-15/e35/c236.0.608.608/21373112_1435444929880305_6198403089695768576_n.jpg,"2017-09-05 14:32:45",1,138,https://scontent-nrt1-1.cdninstagram.com/t51.2885-15/s640x640/sh0.08/e35/c0.86.788.788/21373822_115982622441131_2992481350675595264_n.jpg,"2017-09-04 18:42:49",0,182,https://scontent-nrt1-1.cdninstagram.com/t51.2885-15/s640x640/sh0.08/e35/21435475_658109634378864_4147630418595676160_n.jpg,"2017-09-04 08:36:41",2,177,https://scontent-nrt1-1.cdninstagram.com/t51.2885-15/s640x640/sh0.08/e35/c184.0.711.711/21371771_516468828697402_5146091460285693952_n.jpg,"2017-08-30 13:18:43",3,23,https://scontent-nrt1-1.cdninstagram.com/t51.2885-15/s640x640/sh0.08/e35/c1.0.1077.1077/21147627_213893805810344_795974185749839872_n.jpg,"2017-08-29 09:42:32",9,276,https://scontent-nrt1-1.cdninstagram.com/t51.2885-15/s640x640/sh0.08/e35/21149209_1959774067569757_5199991843856580608_n.jpg,"2017-08-27 17:42:52",6,325,https://scontent-nrt1-1.cdninstagram.com/t51.2885-15/s640x640/sh0.08/e35/c0.90.720.720/21042075_864105077075359_7222199653838618624_n.jpg,"2017-08-25 11:58:53",2,274,https://scontent-nrt1-1.cdninstagram.com/t51.2885-15/s640x640/sh0.08/e35/c0.135.1080.1080/21147213_116530539075196_7155122082970337280_n.jpg,"2017-08-20 14:41:55",3,166,https://scontent-nrt1-1.cdninstagram.com/t51.2885-15/s640x640/sh0.08/e35/c135.0.810.810/20987209_1956314711280862_3131798957202604032_n.jpg,"2017-08-18 09:47:41",1,178,https://scontent-nrt1-1.cdninstagram.com/t51.2885-15/s640x640/sh0.08/e35/c0.90.720.720/20839055_111063809614015_3154942014814945280_n.jpg,"2017-08-12 07:37:44",8,183,https://scontent-nrt1-1.cdninstagram.com/t51.2885-15/s640x640/sh0.08/e35/c173.0.734.734/20687850_1396219360455024_4232486173362094080_n.jpg
